VaccinationDate,age_group,first_dose,second_dose
2020-12-20,20-29,392,0
2020-12-20,80-89,93,0
2020-12-20,0-19,21,0
2020-12-20,60-69,1516,0
2020-12-20,50-59,1786,0
2020-12-20,40-49,1867,0
2020-12-20,30-39,1197,0
2020-12-20,90+,<15,0
2020-12-20,70-79,493,0
2020-12-21,0-19,67,0
2020-12-21,20-29,1064,0
2020-12-21,80-89,1164,0
2020-12-21,40-49,3784,0
2020-12-21,70-79,4886,0
2020-12-21,90+,167,0
2020-12-21,60-69,7283,0
2020-12-21,30-39,2779,0
2020-12-21,50-59,3690,0
2020-12-22,90+,456,0
2020-12-22,80-89,3498,0
2020-12-22,0-19,102,0
2020-12-22,20-29,1575,0
2020-12-22,50-59,4663,0
2020-12-22,70-79,11763,0
2020-12-22,40-49,4530,0
2020-12-22,60-69,14430,0
2020-12-22,30-39,3590,0
2020-12-23,0-19,160,0
2020-12-23,20-29,2123,0
2020-12-23,90+,1027,0
2020-12-23,70-79,18010,0
2020-12-23,40-49,5034,0
2020-12-23,30-39,3847,0
2020-12-23,80-89,5674,0
2020-12-23,50-59,5334,0
2020-12-23,60-69,21607,0
2020-12-24,0-19,202,0
2020-12-24,30-39,3781,0
2020-12-24,70-79,21763,0
2020-12-24,40-49,5193,0
2020-12-24,80-89,7675,0
2020-12-24,60-69,25637,0
2020-12-24,90+,1349,0
2020-12-24,50-59,5658,0
2020-12-24,20-29,2069,0
2020-12-25,80-89,4533,0
2020-12-25,90+,764,0
2020-12-25,0-19,126,0
2020-12-25,20-29,753,0
2020-12-25,50-59,2967,0
2020-12-25,70-79,12283,0
2020-12-25,60-69,13403,0
2020-12-25,40-49,2240,0
2020-12-25,30-39,1372,0
2020-12-26,20-29,482,0
2020-12-26,90+,691,0
2020-12-26,30-39,970,0
2020-12-26,70-79,10606,0
2020-12-26,40-49,1678,0
2020-12-26,60-69,11901,0
2020-12-26,50-59,2404,0
2020-12-26,0-19,92,0
2020-12-26,80-89,3749,0
2020-12-27,50-59,10031,0
2020-12-27,30-39,6044,0
2020-12-27,60-69,32937,0
2020-12-27,40-49,8432,0
2020-12-27,70-79,28543,0
2020-12-27,90+,2388,0
2020-12-27,80-89,11875,0
2020-12-27,20-29,3579,0
2020-12-27,0-19,492,0
2020-12-28,40-49,13372,0
2020-12-28,60-69,40007,0
2020-12-28,80-89,13680,0
2020-12-28,90+,2611,0
2020-12-28,50-59,14781,0
2020-12-28,70-79,32873,0
2020-12-28,30-39,9510,0
2020-12-28,20-29,6669,0
2020-12-28,0-19,1263,0
2020-12-29,50-59,18545,0
2020-12-29,40-49,16187,0
2020-12-29,60-69,43975,0
2020-12-29,30-39,11482,0
2020-12-29,70-79,35896,0
2020-12-29,90+,4364,0
2020-12-29,0-19,1448,0
2020-12-29,80-89,16457,0
2020-12-29,20-29,7549,0
2020-12-30,50-59,21015,0
2020-12-30,0-19,1451,0
2020-12-30,80-89,15459,0
2020-12-30,70-79,32957,0
2020-12-30,60-69,42043,0
2020-12-30,90+,3896,0
2020-12-30,20-29,8211,0
2020-12-30,40-49,16078,0
2020-12-30,30-39,11584,0
2020-12-31,20-29,9660,0
2020-12-31,50-59,26922,0
2020-12-31,30-39,13723,0
2020-12-31,40-49,19267,0
2020-12-31,70-79,29631,0
2020-12-31,60-69,38838,0
2020-12-31,0-19,1805,0
2020-12-31,90+,3766,0
2020-12-31,80-89,14530,0
2021-01-01,60-69,17552,0
2021-01-01,40-49,9356,0
2021-01-01,80-89,6122,0
2021-01-01,0-19,821,0
2021-01-01,20-29,3322,0
2021-01-01,70-79,12479,0
2021-01-01,90+,1478,0
2021-01-01,50-59,14359,0
2021-01-01,30-39,5735,0
2021-01-02,80-89,5430,0
2021-01-02,0-19,858,0
2021-01-02,50-59,18327,0
2021-01-02,20-29,3343,0
2021-01-02,30-39,5568,0
2021-01-02,90+,1629,0
2021-01-02,60-69,14323,0
2021-01-02,40-49,11768,0
2021-01-02,70-79,10361,0
2021-01-03,20-29,9785,0
2021-01-03,50-59,28657,0
2021-01-03,90+,2965,0
2021-01-03,80-89,12985,0
2021-01-03,0-19,2143,0
2021-01-03,70-79,25684,0
2021-01-03,30-39,12609,0
2021-01-03,60-69,35335,0
2021-01-03,40-49,19234,0
2021-01-04,30-39,14083,0
2021-01-04,70-79,23438,0
2021-01-04,80-89,12094,0
2021-01-04,20-29,11295,0
2021-01-04,0-19,2267,0
2021-01-04,60-69,32208,0
2021-01-04,50-59,30943,0
2021-01-04,90+,2664,0
2021-01-04,40-49,22840,0
2021-01-05,20-29,8658,0
2021-01-05,80-89,10418,0
2021-01-05,0-19,1829,0
2021-01-05,30-39,11032,0
2021-01-05,70-79,20575,0
2021-01-05,40-49,17357,0
2021-01-05,90+,2288,0
2021-01-05,60-69,28952,0
2021-01-05,50-59,23741,0
2021-01-06,90+,2115,0
2021-01-06,40-49,13708,0
2021-01-06,60-69,24556,0
2021-01-06,80-89,8823,0
2021-01-06,20-29,7909,0
2021-01-06,0-19,1682,0
2021-01-06,70-79,16445,0
2021-01-06,30-39,9070,0
2021-01-06,50-59,18762,0
2021-01-07,60-69,23634,0
2021-01-07,30-39,11913,0
2021-01-07,70-79,15374,0
2021-01-07,40-49,19115,0
2021-01-07,90+,1759,0
2021-01-07,20-29,8775,0
2021-01-07,0-19,1956,0
2021-01-07,80-89,7965,0
2021-01-07,50-59,25334,0
2021-01-08,90+,618,0
2021-01-08,70-79,5793,0
2021-01-08,50-59,14573,0
2021-01-08,40-49,16214,0
2021-01-08,30-39,8972,0
2021-01-08,0-19,1915,0
2021-01-08,80-89,2796,0
2021-01-08,20-29,5745,0
2021-01-08,60-69,9668,0
2021-01-09,80-89,1551,0
2021-01-09,90+,331,0
2021-01-09,70-79,3234,0
2021-01-09,30-39,6893,0
2021-01-09,60-69,5417,0
2021-01-09,40-49,12806,0
2021-01-09,50-59,9759,0
2021-01-09,20-29,3446,0
2021-01-09,0-19,1018,0
2021-01-10,40-49,9154,1575
2021-01-10,70-79,3439,337
2021-01-10,60-69,5580,1207
2021-01-10,30-39,5816,969
2021-01-10,90+,361,<15
2021-01-10,20-29,3254,299
2021-01-10,80-89,1753,44
2021-01-10,0-19,736,15
2021-01-10,50-59,7445,1537
2021-01-11,50-59,5089,3010
2021-01-11,60-69,2505,5580
2021-01-11,40-49,5253,2972
2021-01-11,30-39,3337,2158
2021-01-11,70-79,1678,3650
2021-01-11,90+,203,129
2021-01-11,20-29,1772,819
2021-01-11,80-89,866,868
2021-01-11,0-19,310,51
2021-01-12,50-59,7792,3959
2021-01-12,20-29,2420,1303
2021-01-12,60-69,3136,11293
2021-01-12,40-49,4481,3950
2021-01-12,90+,181,353
2021-01-12,30-39,2924,3038
2021-01-12,70-79,1759,8940
2021-01-12,80-89,862,2718
2021-01-12,0-19,351,77
2021-01-13,30-39,5153,3616
2021-01-13,70-79,3140,16243
2021-01-13,40-49,8023,4820
2021-01-13,50-59,23384,5050
2021-01-13,20-29,3814,1900
2021-01-13,0-19,694,137
2021-01-13,60-69,5990,19132
2021-01-13,80-89,1481,4971
2021-01-13,90+,240,929
2021-01-14,0-19,1047,166
2021-01-14,80-89,1088,6905
2021-01-14,50-59,23365,5450
2021-01-14,60-69,5102,23972
2021-01-14,40-49,10348,5138
2021-01-14,30-39,7237,3749
2021-01-14,90+,202,1188
2021-01-14,70-79,2388,20241
2021-01-14,20-29,5525,1945
2021-01-15,0-19,694,118
2021-01-15,20-29,3188,724
2021-01-15,80-89,546,4171
2021-01-15,50-59,11820,2695
2021-01-15,90+,112,691
2021-01-15,70-79,1179,11488
2021-01-15,30-39,4737,1295
2021-01-15,40-49,5925,1995
2021-01-15,60-69,2415,12699
2021-01-16,20-29,2095,330
2021-01-16,0-19,542,65
2021-01-16,50-59,12240,1784
2021-01-16,40-49,8264,1277
2021-01-16,30-39,3370,696
2021-01-16,70-79,746,8639
2021-01-16,60-69,1678,9600
2021-01-16,80-89,356,3008
2021-01-16,90+,76,578
2021-01-17,0-19,2687,312
2021-01-17,80-89,1054,9661
2021-01-17,20-29,10385,2567
2021-01-17,70-79,2259,24627
2021-01-17,30-39,6814,4560
2021-01-17,90+,190,1783
2021-01-17,60-69,4483,27155
2021-01-17,40-49,18393,6350
2021-01-17,50-59,21990,7393
2021-01-18,20-29,15011,4758
2021-01-18,80-89,878,12571
2021-01-18,60-69,3942,36391
2021-01-18,70-79,1909,30791
2021-01-18,90+,146,2542
2021-01-18,40-49,20606,11465
2021-01-18,30-39,7316,8119
2021-01-18,0-19,3836,733
2021-01-18,50-59,15882,12806
2021-01-19,80-89,857,15067
2021-01-19,90+,203,3847
2021-01-19,0-19,3125,1109
2021-01-19,30-39,9106,9522
2021-01-19,40-49,25310,13600
2021-01-19,70-79,1939,32854
2021-01-19,60-69,3891,39357
2021-01-19,50-59,14162,15443
2021-01-19,20-29,13986,6688
2021-01-20,90+,139,3383
2021-01-20,30-39,12657,10703
2021-01-20,70-79,1793,32202
2021-01-20,0-19,2921,1334
2021-01-20,20-29,12011,7868
2021-01-20,80-89,811,14385
2021-01-20,40-49,29691,14741
2021-01-20,60-69,3635,40097
2021-01-20,50-59,12873,18661
2021-01-21,90+,213,4015
2021-01-21,30-39,13638,13409
2021-01-21,70-79,2032,32942
2021-01-21,60-69,3840,41916
2021-01-21,40-49,26004,18806
2021-01-21,20-29,9538,9663
2021-01-21,50-59,11063,25707
2021-01-21,80-89,980,15737
2021-01-21,0-19,2270,1741
2021-01-22,30-39,8112,5488
2021-01-22,40-49,15348,8621
2021-01-22,70-79,915,13710
2021-01-22,60-69,2067,18518
2021-01-22,80-89,492,6329
2021-01-22,90+,113,1505
2021-01-22,50-59,5592,12960
2021-01-22,20-29,3857,3060
2021-01-22,0-19,1216,723
2021-01-23,60-69,1571,12435
2021-01-23,70-79,801,9404
2021-01-23,90+,106,1494
2021-01-23,50-59,5953,11294
2021-01-23,40-49,14564,7497
2021-01-23,80-89,385,4946
2021-01-23,0-19,6650,483
2021-01-23,20-29,3473,2153
2021-01-23,30-39,6347,3755
2021-01-24,60-69,3631,33267
2021-01-24,50-59,8479,26990
2021-01-24,40-49,19945,17921
2021-01-24,90+,223,2991
2021-01-24,70-79,1952,24549
2021-01-24,30-39,10547,11632
2021-01-24,0-19,12139,1763
2021-01-24,20-29,11021,8655
2021-01-24,80-89,999,12564
2021-01-25,70-79,2065,22788
2021-01-25,30-39,13353,12280
2021-01-25,0-19,14688,1864
2021-01-25,20-29,15474,9248
2021-01-25,50-59,9561,28205
2021-01-25,80-89,1003,11806
2021-01-25,60-69,3859,30379
2021-01-25,40-49,20478,20025
2021-01-25,90+,251,2573
2021-01-26,20-29,15530,8312
2021-01-26,80-89,924,10407
2021-01-26,0-19,14410,1764
2021-01-26,50-59,8395,25194
2021-01-26,30-39,14160,11206
2021-01-26,60-69,3482,28368
2021-01-26,40-49,19407,18180
2021-01-26,70-79,1936,20395
2021-01-26,90+,236,2237
2021-01-27,60-69,3205,28300
2021-01-27,20-29,14328,10217
2021-01-27,80-89,841,10042
2021-01-27,0-19,15695,2089
2021-01-27,30-39,13623,11114
2021-01-27,50-59,8420,23735
2021-01-27,90+,229,2275
2021-01-27,70-79,1720,19454
2021-01-27,40-49,19630,17490
2021-01-28,20-29,15962,9887
2021-01-28,0-19,13342,2125
2021-01-28,70-79,1502,18135
2021-01-28,50-59,7589,27690
2021-01-28,80-89,664,8927
2021-01-28,30-39,20220,13010
2021-01-28,90+,173,1927
2021-01-28,40-49,16976,20911
2021-01-28,60-69,2978,27684
2021-01-29,0-19,5617,1583
2021-01-29,80-89,255,3156
2021-01-29,50-59,3473,14232
2021-01-29,20-29,5966,4932
2021-01-29,90+,42,625
2021-01-29,60-69,1235,11233
2021-01-29,40-49,8734,14164
2021-01-29,70-79,524,6919
2021-01-29,30-39,10676,7767
2021-01-30,20-29,5144,3120
2021-01-30,0-19,4972,904
2021-01-30,80-89,174,1808
2021-01-30,90+,30,391
2021-01-30,30-39,10582,5798
2021-01-30,40-49,8807,10605
2021-01-30,70-79,453,3809
2021-01-30,50-59,3136,9662
2021-01-30,60-69,990,6565
2021-01-31,0-19,9520,1045
2021-01-31,30-39,21643,7518
2021-01-31,70-79,1550,6958
2021-01-31,80-89,681,3533
2021-01-31,90+,168,741
2021-01-31,40-49,16118,12473
2021-01-31,60-69,2952,10816
2021-01-31,20-29,13319,4346
2021-01-31,50-59,7227,11913
2021-02-01,60-69,3052,5098
2021-02-01,90+,229,378
2021-02-01,80-89,844,1662
2021-02-01,50-59,7581,7752
2021-02-01,20-29,19508,3015
2021-02-01,0-19,10299,579
2021-02-01,70-79,1726,3391
2021-02-01,30-39,24189,5013
2021-02-01,40-49,14845,8321
2021-02-02,20-29,15748,2447
2021-02-02,30-39,19960,3933
2021-02-02,90+,243,292
2021-02-02,70-79,1678,2645
2021-02-02,50-59,6554,8847
2021-02-02,60-69,2888,4603
2021-02-02,40-49,13302,6345
2021-02-02,80-89,892,1397
2021-02-02,0-19,8599,438
2021-02-03,50-59,5763,21540
2021-02-03,30-39,17057,5177
2021-02-03,60-69,2608,6484
2021-02-03,90+,236,308
2021-02-03,40-49,10625,8101
2021-02-03,70-79,1562,3462
2021-02-03,20-29,14696,3918
2021-02-03,80-89,863,1626
2021-02-03,0-19,6663,654
2021-02-04,70-79,1183,2766
2021-02-04,50-59,5252,22721
2021-02-04,60-69,2294,5572
2021-02-04,40-49,10498,10346
2021-02-04,30-39,23200,7359
2021-02-04,90+,141,239
2021-02-04,80-89,641,1276
2021-02-04,20-29,22638,6208
2021-02-04,0-19,6541,1433
2021-02-05,40-49,5208,5514
2021-02-05,50-59,2694,11420
2021-02-05,60-69,1077,2572
2021-02-05,80-89,241,573
2021-02-05,0-19,2745,524
2021-02-05,90+,77,113
2021-02-05,20-29,9914,2542
2021-02-05,30-39,11284,4154
2021-02-05,70-79,537,1245
2021-02-06,0-19,1941,341
2021-02-06,50-59,1626,10041
2021-02-06,40-49,3073,5491
2021-02-06,20-29,6972,1512
2021-02-06,70-79,262,632
2021-02-06,60-69,558,1429
2021-02-06,80-89,139,264
2021-02-06,90+,34,56
2021-02-06,30-39,6929,2374
2021-02-07,20-29,16756,9219
2021-02-07,50-59,4362,23159
2021-02-07,0-19,4634,1827
2021-02-07,30-39,16482,7383
2021-02-07,40-49,7765,18375
2021-02-07,70-79,1121,2448
2021-02-07,60-69,2089,4731
2021-02-07,80-89,562,1177
2021-02-07,90+,167,226
2021-02-08,50-59,4478,16462
2021-02-08,0-19,4299,2584
2021-02-08,80-89,568,923
2021-02-08,20-29,19913,12127
2021-02-08,60-69,2103,4026
2021-02-08,40-49,7825,19960
2021-02-08,70-79,1112,2007
2021-02-08,90+,135,163
2021-02-08,30-39,18047,6950
2021-02-09,0-19,5139,2696
2021-02-09,80-89,628,843
2021-02-09,20-29,22762,12054
2021-02-09,70-79,1244,1938
2021-02-09,90+,205,187
2021-02-09,60-69,2557,3807
2021-02-09,40-49,9093,23256
2021-02-09,30-39,19071,8317
2021-02-09,50-59,5419,14183
2021-02-10,0-19,5393,2340
2021-02-10,90+,153,134
2021-02-10,80-89,571,822
2021-02-10,20-29,24074,10754
2021-02-10,50-59,5744,13132
2021-02-10,30-39,20594,11466
2021-02-10,60-69,2697,3690
2021-02-10,40-49,9817,27790
2021-02-10,70-79,1293,1820
2021-02-11,30-39,23144,13569
2021-02-11,0-19,6386,2269
2021-02-11,20-29,27364,10387
2021-02-11,80-89,635,1003
2021-02-11,90+,136,200
2021-02-11,40-49,11878,26450
2021-02-11,50-59,6821,11645
2021-02-11,70-79,1400,2093
2021-02-11,60-69,3128,3917
2021-02-12,20-29,12966,3842
2021-02-12,90+,61,101
2021-02-12,30-39,11135,7795
2021-02-12,40-49,5887,15124
2021-02-12,70-79,598,937
2021-02-12,80-89,285,473
2021-02-12,0-19,3080,1156
2021-02-12,60-69,1458,2098
2021-02-12,50-59,3467,5883
2021-02-13,80-89,170,278
2021-02-13,90+,26,72
2021-02-13,60-69,1019,1302
2021-02-13,40-49,4287,11650
2021-02-13,70-79,377,619
2021-02-13,30-39,7330,4638
2021-02-13,50-59,2593,5377
2021-02-13,20-29,9115,2366
2021-02-13,0-19,2471,4046
2021-02-14,70-79,1657,2002
2021-02-14,60-69,3532,3667
2021-02-14,30-39,19897,11289
2021-02-14,40-49,11640,21901
2021-02-14,90+,149,214
2021-02-14,80-89,715,952
2021-02-14,20-29,23299,9992
2021-02-14,0-19,6876,9896
2021-02-14,50-59,6964,8959
2021-02-15,90+,207,283
2021-02-15,40-49,12776,20487
2021-02-15,70-79,1748,2117
2021-02-15,50-59,7852,9515
2021-02-15,30-39,21516,12488
2021-02-15,80-89,812,1038
2021-02-15,0-19,7487,12366
2021-02-15,20-29,25070,13177
2021-02-15,60-69,3853,4017
2021-02-16,90+,166,238
2021-02-16,80-89,770,962
2021-02-16,70-79,1812,1939
2021-02-16,40-49,12698,18988
2021-02-16,60-69,3833,3505
2021-02-16,50-59,7606,8467
2021-02-16,30-39,21425,13712
2021-02-16,20-29,26521,15866
2021-02-16,0-19,8488,14360
2021-02-17,60-69,2384,2999
2021-02-17,70-79,959,1593
2021-02-17,40-49,9750,18276
2021-02-17,30-39,15884,12832
2021-02-17,90+,86,160
2021-02-17,80-89,370,708
2021-02-17,0-19,6344,14979
2021-02-17,20-29,20631,15842
2021-02-17,50-59,5389,7949
2021-02-18,50-59,6345,7947
2021-02-18,60-69,2866,3058
2021-02-18,30-39,17959,18768
2021-02-18,70-79,1048,1492
2021-02-18,90+,69,146
2021-02-18,40-49,11158,17725
2021-02-18,20-29,21855,15656
2021-02-18,80-89,386,640
2021-02-18,0-19,7290,14061
2021-02-19,50-59,3539,3692
2021-02-19,20-29,12678,6215
2021-02-19,90+,25,54
2021-02-19,60-69,1483,1330
2021-02-19,40-49,6390,9325
2021-02-19,70-79,475,592
2021-02-19,30-39,10568,10358
2021-02-19,80-89,184,259
2021-02-19,0-19,4217,6168
2021-02-20,70-79,435,393
2021-02-20,40-49,5221,7710
2021-02-20,30-39,7629,8138
2021-02-20,50-59,2939,2881
2021-02-20,0-19,3900,4451
2021-02-20,20-29,10139,4042
2021-02-20,60-69,1132,862
2021-02-20,80-89,160,145
2021-02-20,90+,28,21
2021-02-21,0-19,8545,10050
2021-02-21,80-89,767,825
2021-02-21,50-59,7312,7625
2021-02-21,40-49,12462,17576
2021-02-21,60-69,3804,3242
2021-02-21,70-79,1833,1730
2021-02-21,90+,174,212
2021-02-21,20-29,23840,14386
2021-02-21,30-39,20577,22698
2021-02-22,0-19,8640,9507
2021-02-22,20-29,25439,18460
2021-02-22,80-89,880,875
2021-02-22,50-59,7698,7636
2021-02-22,40-49,13002,15148
2021-02-22,70-79,2120,1758
2021-02-22,90+,207,245
2021-02-22,60-69,4174,3215
2021-02-22,30-39,22715,23512
2021-02-23,20-29,23924,16242
2021-02-23,0-19,8435,9105
2021-02-23,50-59,6990,6588
2021-02-23,40-49,11648,13032
2021-02-23,70-79,1853,1680
2021-02-23,30-39,19661,19605
2021-02-23,60-69,3682,2869
2021-02-23,80-89,844,882
2021-02-23,90+,156,226
2021-02-24,20-29,18746,15869
2021-02-24,80-89,709,815
2021-02-24,0-19,6829,7775
2021-02-24,70-79,1563,1567
2021-02-24,30-39,15147,17191
2021-02-24,90+,156,195
2021-02-24,60-69,2946,2688
2021-02-24,40-49,9278,10910
2021-02-24,50-59,5501,5862
2021-02-25,80-89,615,648
2021-02-25,20-29,15243,18307
2021-02-25,90+,141,160
2021-02-25,70-79,1228,1231
2021-02-25,40-49,8277,10264
2021-02-25,60-69,2643,2296
2021-02-25,30-39,12891,20686
2021-02-25,0-19,5388,5603
2021-02-25,50-59,5083,5348
2021-02-26,80-89,289,240
2021-02-26,90+,51,67
2021-02-26,0-19,2642,2719
2021-02-26,70-79,521,530
2021-02-26,30-39,6691,10534
2021-02-26,40-49,4279,5322
2021-02-26,60-69,1185,1075
2021-02-26,20-29,7505,8675
2021-02-26,50-59,2590,2725
2021-02-27,90+,17,34
2021-02-27,30-39,4159,6897
2021-02-27,70-79,344,265
2021-02-27,20-29,5737,6522
2021-02-27,0-19,2525,1960
2021-02-27,80-89,143,123
2021-02-27,60-69,739,559
2021-02-27,40-49,2866,3162
2021-02-27,50-59,1725,1606
2021-02-28,70-79,1110,1134
2021-02-28,90+,94,171
2021-02-28,20-29,11355,16598
2021-02-28,40-49,6387,8613
2021-02-28,30-39,9879,17073
2021-02-28,60-69,2147,2075
2021-02-28,50-59,3825,4523
2021-02-28,0-19,4827,4932
2021-02-28,80-89,541,592
2021-03-01,30-39,11120,18933
2021-03-01,70-79,1329,1156
2021-03-01,40-49,7133,8168
2021-03-01,60-69,2600,2175
2021-03-01,80-89,618,615
2021-03-01,90+,129,143
2021-03-01,50-59,4493,4525
2021-03-01,20-29,13023,20631
2021-03-01,0-19,5063,4920
2021-03-02,60-69,2798,2418
2021-03-02,70-79,1431,1191
2021-03-02,90+,121,222
2021-03-02,50-59,4363,5112
2021-03-02,40-49,6476,9015
2021-03-02,0-19,4273,4846
2021-03-02,20-29,11464,22026
2021-03-02,80-89,570,645
2021-03-02,30-39,9487,19046
2021-03-03,60-69,2825,2652
2021-03-03,50-59,4430,5535
2021-03-03,40-49,6517,9143
2021-03-03,70-79,1537,1299
2021-03-03,90+,131,183
2021-03-03,30-39,9284,19295
2021-03-03,20-29,11575,22759
2021-03-03,0-19,4844,5078
2021-03-03,80-89,631,615
2021-03-04,30-39,9019,22765
2021-03-04,70-79,1215,1401
2021-03-04,0-19,4448,6133
2021-03-04,20-29,10896,26472
2021-03-04,50-59,4345,6694
2021-03-04,80-89,514,634
2021-03-04,60-69,2537,3084
2021-03-04,40-49,6395,11523
2021-03-04,90+,106,141
2021-03-05,0-19,1760,3005
2021-03-05,80-89,202,266
2021-03-05,50-59,1974,3400
2021-03-05,30-39,4023,11733
2021-03-05,40-49,2946,6175
2021-03-05,60-69,1019,1461
2021-03-05,70-79,484,619
2021-03-05,20-29,4718,13598
2021-03-05,90+,40,64
2021-03-06,60-69,584,933
2021-03-06,20-29,3226,8312
2021-03-06,0-19,1439,2099
2021-03-06,80-89,73,153
2021-03-06,30-39,2135,6992
2021-03-06,50-59,1162,2464
2021-03-06,40-49,1685,3950
2021-03-06,90+,19,28
2021-03-06,70-79,243,347
2021-03-07,20-29,8756,23050
2021-03-07,0-19,3869,6521
2021-03-07,50-59,3127,6540
2021-03-07,70-79,1075,1598
2021-03-07,80-89,530,681
2021-03-07,30-39,6703,19757
2021-03-07,40-49,4759,11072
2021-03-07,90+,135,132
2021-03-07,60-69,2009,3328
2021-03-08,20-29,8073,22525
2021-03-08,0-19,3342,6371
2021-03-08,50-59,2745,7063
2021-03-08,80-89,421,771
2021-03-08,90+,106,208
2021-03-08,30-39,5951,19510
2021-03-08,70-79,888,1644
2021-03-08,40-49,4008,11431
2021-03-08,60-69,1628,3558
2021-03-09,80-89,425,761
2021-03-09,0-19,3331,7464
2021-03-09,20-29,7699,24073
2021-03-09,90+,87,164
2021-03-09,30-39,5831,19866
2021-03-09,40-49,3996,11788
2021-03-09,70-79,801,1710
2021-03-09,60-69,1684,3564
2021-03-09,50-59,2647,7087
2021-03-10,0-19,3452,5987
2021-03-10,80-89,337,420
2021-03-10,90+,87,94
2021-03-10,40-49,3448,9007
2021-03-10,30-39,4913,14944
2021-03-10,70-79,707,1022
2021-03-10,60-69,1276,2369
2021-03-10,20-29,6707,19564
2021-03-10,50-59,2162,5098
2021-03-11,80-89,316,400
2021-03-11,60-69,1307,2870
2021-03-11,90+,74,62
2021-03-11,0-19,3082,6896
2021-03-11,20-29,6693,21648
2021-03-11,50-59,2190,6325
2021-03-11,40-49,3575,11246
2021-03-11,70-79,590,1063
2021-03-11,30-39,5229,18375
2021-03-12,20-29,3399,13131
2021-03-12,90+,26,20
2021-03-12,70-79,263,472
2021-03-12,30-39,2540,11297
2021-03-12,50-59,1022,3829
2021-03-12,60-69,553,1509
2021-03-12,40-49,1758,6802
2021-03-12,80-89,111,182
2021-03-12,0-19,1424,4054
2021-03-13,50-59,715,2352
2021-03-13,60-69,326,927
2021-03-13,30-39,1676,6100
2021-03-13,90+,<15,26
2021-03-13,40-49,1273,4104
2021-03-13,70-79,138,336
2021-03-13,80-89,52,147
2021-03-13,20-29,2543,8192
2021-03-13,0-19,1119,2997
2021-03-14,70-79,573,1685
2021-03-14,50-59,1919,6776
2021-03-14,30-39,4561,19707
2021-03-14,40-49,2978,11741
2021-03-14,60-69,1173,3498
2021-03-14,90+,66,142
2021-03-14,80-89,288,692
2021-03-14,20-29,6300,22232
2021-03-14,0-19,2971,7354
2021-03-15,60-69,1047,3799
2021-03-15,40-49,2959,12037
2021-03-15,50-59,1830,7084
2021-03-15,0-19,2597,8034
2021-03-15,80-89,261,833
2021-03-15,90+,57,200
2021-03-15,20-29,6131,23713
2021-03-15,70-79,506,1962
2021-03-15,30-39,4515,20390
2021-03-16,0-19,2557,7963
2021-03-16,50-59,1644,6383
2021-03-16,20-29,5662,22196
2021-03-16,60-69,999,3391
2021-03-16,30-39,4039,18146
2021-03-16,80-89,257,759
2021-03-16,40-49,2779,10679
2021-03-16,90+,76,141
2021-03-16,70-79,519,1697
2021-03-17,20-29,5219,17861
2021-03-17,50-59,1659,5519
2021-03-17,0-19,2334,6288
2021-03-17,70-79,458,1565
2021-03-17,60-69,979,2896
2021-03-17,40-49,2631,8968
2021-03-17,30-39,3948,14882
2021-03-17,80-89,228,698
2021-03-17,90+,46,155
2021-03-18,50-59,1536,5545
2021-03-18,80-89,231,641
2021-03-18,0-19,2035,5998
2021-03-18,20-29,4603,17168
2021-03-18,60-69,914,2833
2021-03-18,40-49,2418,9350
2021-03-18,70-79,427,1284
2021-03-18,90+,66,131
2021-03-18,30-39,3594,15015
2021-03-19,80-89,73,283
2021-03-19,0-19,807,2683
2021-03-19,20-29,1930,8369
2021-03-19,70-79,133,534
2021-03-19,90+,<15,40
2021-03-19,30-39,1718,7518
2021-03-19,40-49,1108,4534
2021-03-19,60-69,312,1211
2021-03-19,50-59,660,2696
2021-03-20,0-19,716,2066
2021-03-20,90+,<15,<15
2021-03-20,80-89,47,103
2021-03-20,20-29,1764,4891
2021-03-20,50-59,460,1429
2021-03-20,70-79,98,297
2021-03-20,60-69,226,604
2021-03-20,30-39,1034,3374
2021-03-20,40-49,764,2448
2021-03-21,20-29,3990,11764
2021-03-21,0-19,1749,4538
2021-03-21,80-89,178,556
2021-03-21,90+,47,101
2021-03-21,70-79,374,1034
2021-03-21,40-49,1831,6237
2021-03-21,30-39,2933,10308
2021-03-21,60-69,740,2113
2021-03-21,50-59,1187,3713
2021-03-22,20-29,4185,11994
2021-03-22,90+,69,125
2021-03-22,70-79,409,1045
2021-03-22,30-39,3028,10238
2021-03-22,40-49,1896,6203
2021-03-22,0-19,1681,4589
2021-03-22,80-89,159,551
2021-03-22,50-59,1197,3647
2021-03-22,60-69,730,1978
2021-03-23,40-49,381,1178
2021-03-23,80-89,26,89
2021-03-23,90+,<15,18
2021-03-23,60-69,176,290
2021-03-23,30-39,557,1753
2021-03-23,70-79,55,172
2021-03-23,50-59,272,643
2021-03-23,20-29,820,2189
2021-03-23,0-19,310,823
2021-03-24,70-79,301,1244
2021-03-24,60-69,543,2324
2021-03-24,40-49,1627,6896
2021-03-24,30-39,2327,11357
2021-03-24,90+,43,140
2021-03-24,80-89,179,662
2021-03-24,0-19,1367,5289
2021-03-24,20-29,3496,14372
2021-03-24,50-59,905,4065
2021-03-25,70-79,269,764
2021-03-25,40-49,1484,5407
2021-03-25,50-59,932,3164
2021-03-25,90+,45,96
2021-03-25,30-39,2263,8606
2021-03-25,60-69,544,1568
2021-03-25,20-29,3102,10921
2021-03-25,0-19,1247,4308
2021-03-25,80-89,149,412
2021-03-26,50-59,389,1159
2021-03-26,80-89,43,140
2021-03-26,30-39,986,3271
2021-03-26,70-79,91,250
2021-03-26,60-69,222,535
2021-03-26,40-49,616,2127
2021-03-26,90+,18,31
2021-03-26,20-29,1191,4170
2021-03-26,0-19,449,1528
2021-03-27,40-49,236,646
2021-03-27,60-69,81,164
2021-03-27,70-79,26,65
2021-03-27,30-39,387,870
2021-03-27,20-29,585,1496
2021-03-27,0-19,253,542
2021-03-27,50-59,134,385
2021-03-27,80-89,<15,27
2021-03-27,90+,<15,<15
2021-03-28,50-59,179,427
2021-03-28,60-69,68,187
2021-03-28,90+,<15,<15
2021-03-28,70-79,36,90
2021-03-28,40-49,288,709
2021-03-28,30-39,437,927
2021-03-28,20-29,727,1494
2021-03-28,0-19,284,678
2021-03-28,80-89,<15,28
2021-03-29,50-59,714,2840
2021-03-29,80-89,128,432
2021-03-29,0-19,904,3637
2021-03-29,30-39,1413,7001
2021-03-29,70-79,229,812
2021-03-29,60-69,456,1542
2021-03-29,40-49,1017,4690
2021-03-29,90+,47,107
2021-03-29,20-29,1867,8795
2021-03-30,20-29,2231,6660
2021-03-30,0-19,1105,2825
2021-03-30,40-49,1056,3339
2021-03-30,70-79,269,607
2021-03-30,30-39,1587,5085
2021-03-30,50-59,718,2113
2021-03-30,90+,58,81
2021-03-30,80-89,157,368
2021-03-30,60-69,477,1154
2021-03-31,0-19,994,2310
2021-03-31,80-89,200,279
2021-03-31,70-79,298,531
2021-03-31,30-39,1661,4684
2021-03-31,20-29,2290,5645
2021-03-31,40-49,1172,2967
2021-03-31,60-69,484,990
2021-03-31,50-59,791,1769
2021-03-31,90+,58,74
2021-04-01,20-29,2282,5722
2021-04-01,80-89,165,234
2021-04-01,0-19,1104,2359
2021-04-01,50-59,784,1643
2021-04-01,40-49,1212,2745
2021-04-01,70-79,261,414
2021-04-01,90+,48,63
2021-04-01,60-69,485,872
2021-04-01,30-39,1603,4415
2021-04-02,20-29,820,2538
2021-04-02,0-19,320,901
2021-04-02,70-79,59,122
2021-04-02,60-69,128,313
2021-04-02,90+,<15,<15
2021-04-02,80-89,27,79
2021-04-02,50-59,305,640
2021-04-02,40-49,440,1286
2021-04-02,30-39,663,2072
2021-04-03,30-39,248,593
2021-04-03,70-79,31,53
2021-04-03,90+,<15,<15
2021-04-03,0-19,206,384
2021-04-03,80-89,<15,16
2021-04-03,20-29,472,1073
2021-04-03,40-49,183,433
2021-04-03,50-59,132,222
2021-04-03,60-69,60,103
2021-04-04,60-69,559,1014
2021-04-04,70-79,316,497
2021-04-04,40-49,1366,3461
2021-04-04,30-39,2100,5428
2021-04-04,90+,58,68
2021-04-04,80-89,162,309
2021-04-04,20-29,2839,7112
2021-04-04,50-59,867,1842
2021-04-04,0-19,1273,2985
2021-04-05,70-79,362,465
2021-04-05,30-39,2181,4801
2021-04-05,40-49,1410,2945
2021-04-05,80-89,224,247
2021-04-05,60-69,580,894
2021-04-05,90+,70,77
2021-04-05,0-19,1487,3112
2021-04-05,50-59,929,1751
2021-04-05,20-29,2930,6789
2021-04-06,90+,66,71
2021-04-06,30-39,1920,3923
2021-04-06,70-79,368,400
2021-04-06,60-69,562,794
2021-04-06,40-49,1261,2470
2021-04-06,50-59,846,1388
2021-04-06,80-89,187,191
2021-04-06,20-29,2397,5129
2021-04-06,0-19,1164,2188
2021-04-07,60-69,586,658
2021-04-07,50-59,843,1282
2021-04-07,70-79,304,352
2021-04-07,90+,82,56
2021-04-07,40-49,1197,2308
2021-04-07,20-29,2489,4663
2021-04-07,30-39,1802,3450
2021-04-07,0-19,1194,2108
2021-04-07,80-89,176,213
2021-04-08,40-49,1378,2544
2021-04-08,30-39,2008,4189
2021-04-08,70-79,305,365
2021-04-08,60-69,575,792
2021-04-08,50-59,850,1430
2021-04-08,20-29,2561,5093
2021-04-08,0-19,1217,2084
2021-04-08,80-89,184,202
2021-04-08,90+,83,47
2021-04-09,50-59,328,498
2021-04-09,60-69,166,230
2021-04-09,30-39,886,1628
2021-04-09,70-79,73,96
2021-04-09,40-49,499,939
2021-04-09,90+,<15,<15
2021-04-09,0-19,444,756
2021-04-09,80-89,38,67
2021-04-09,20-29,931,1829
2021-04-10,50-59,140,294
2021-04-10,60-69,69,109
2021-04-10,0-19,191,490
2021-04-10,20-29,502,1195
2021-04-10,80-89,<15,27
2021-04-10,70-79,39,56
2021-04-10,90+,<15,<15
2021-04-10,30-39,334,736
2021-04-10,40-49,205,519
2021-04-11,20-29,2554,4440
2021-04-11,50-59,770,1173
2021-04-11,0-19,1269,2008
2021-04-11,70-79,343,332
2021-04-11,30-39,1971,3263
2021-04-11,60-69,565,661
2021-04-11,40-49,1203,1979
2021-04-11,90+,60,64
2021-04-11,80-89,159,174
2021-04-12,50-59,851,1041
2021-04-12,80-89,210,159
2021-04-12,20-29,2459,4226
2021-04-12,0-19,1339,1741
2021-04-12,90+,78,63
2021-04-12,30-39,1734,3018
2021-04-12,40-49,1146,1800
2021-04-12,70-79,329,352
2021-04-12,60-69,555,623
2021-04-13,20-29,1518,1426
2021-04-13,0-19,650,561
2021-04-13,80-89,159,76
2021-04-13,60-69,339,238
2021-04-13,50-59,538,408
2021-04-13,30-39,1257,1228
2021-04-13,90+,86,30
2021-04-13,40-49,817,683
2021-04-13,70-79,234,130
2021-04-14,20-29,880,1467
2021-04-14,0-19,372,582
2021-04-14,60-69,222,278
2021-04-14,80-89,72,111
2021-04-14,30-39,809,1205
2021-04-14,90+,17,34
2021-04-14,40-49,529,793
2021-04-14,50-59,384,489
2021-04-14,70-79,140,150
2021-04-15,80-89,<15,<15
2021-04-15,90+,<15,<15
2021-04-15,20-29,121,118
2021-04-15,0-19,41,50
2021-04-15,50-59,73,50
2021-04-15,70-79,24,17
2021-04-15,30-39,83,85
2021-04-15,40-49,59,67
2021-04-15,60-69,42,21
2021-04-16,70-79,72,128
2021-04-16,90+,<15,24
2021-04-16,30-39,734,1647
2021-04-16,20-29,960,2019
2021-04-16,80-89,45,82
2021-04-16,0-19,430,778
2021-04-16,50-59,294,484
2021-04-16,40-49,466,1006
2021-04-16,60-69,180,290
2021-04-17,90+,0,<15
2021-04-17,40-49,101,270
2021-04-17,60-69,32,73
2021-04-17,70-79,19,22
2021-04-17,30-39,175,444
2021-04-17,20-29,263,683
2021-04-17,80-89,<15,<15
2021-04-17,0-19,80,268
2021-04-17,50-59,69,144
2021-04-18,90+,31,26
2021-04-18,80-89,93,90
2021-04-18,60-69,454,371
2021-04-18,30-39,1419,1707
2021-04-18,70-79,229,207
2021-04-18,40-49,963,994
2021-04-18,0-19,1081,975
2021-04-18,20-29,2062,2412
2021-04-18,50-59,632,569
2021-04-19,50-59,572,595
2021-04-19,40-49,843,912
2021-04-19,60-69,389,385
2021-04-19,20-29,1859,2211
2021-04-19,90+,32,55
2021-04-19,70-79,201,204
2021-04-19,30-39,1267,1573
2021-04-19,80-89,95,141
2021-04-19,0-19,946,893
2021-04-20,50-59,588,557
2021-04-20,90+,38,61
2021-04-20,60-69,356,409
2021-04-20,30-39,1349,1599
2021-04-20,70-79,206,206
2021-04-20,40-49,890,946
2021-04-20,0-19,817,818
2021-04-20,20-29,1703,1944
2021-04-20,80-89,97,145
2021-04-21,50-59,661,606
2021-04-21,40-49,866,1006
2021-04-21,70-79,206,215
2021-04-21,30-39,1335,1533
2021-04-21,80-89,121,163
2021-04-21,90+,48,54
2021-04-21,60-69,387,369
2021-04-21,20-29,1712,2084
2021-04-21,0-19,814,870
2021-04-22,60-69,392,407
2021-04-22,40-49,887,1064
2021-04-22,50-59,566,699
2021-04-22,0-19,750,944
2021-04-22,80-89,85,163
2021-04-22,20-29,1598,2193
2021-04-22,70-79,210,252
2021-04-22,30-39,1240,1684
2021-04-22,90+,<15,61
2021-04-23,0-19,398,450
2021-04-23,50-59,267,317
2021-04-23,30-39,633,794
2021-04-23,90+,<15,<15
2021-04-23,70-79,50,48
2021-04-23,40-49,394,483
2021-04-23,60-69,117,132
2021-04-23,20-29,692,964
2021-04-23,80-89,27,35
2021-04-24,50-59,56,93
2021-04-24,20-29,242,467
2021-04-24,0-19,109,176
2021-04-24,80-89,<15,<15
2021-04-24,70-79,<15,<15
2021-04-24,40-49,103,175
2021-04-24,30-39,132,253
2021-04-24,60-69,22,30
2021-04-24,90+,0,<15
2021-04-25,80-89,77,109
2021-04-25,0-19,610,892
2021-04-25,20-29,1392,2139
2021-04-25,50-59,432,546
2021-04-25,60-69,300,378
2021-04-25,40-49,681,944
2021-04-25,70-79,167,202
2021-04-25,90+,17,36
2021-04-25,30-39,1040,1579
2021-04-26,0-19,855,1161
2021-04-26,80-89,78,152
2021-04-26,70-79,163,249
2021-04-26,40-49,724,1065
2021-04-26,20-29,1613,2413
2021-04-26,90+,29,49
2021-04-26,30-39,1181,1629
2021-04-26,60-69,256,355
2021-04-26,50-59,432,651
2021-04-27,80-89,97,157
2021-04-27,90+,28,59
2021-04-27,20-29,1118,1770
2021-04-27,0-19,637,840
2021-04-27,50-59,450,582
2021-04-27,30-39,968,1460
2021-04-27,70-79,160,234
2021-04-27,60-69,263,392
2021-04-27,40-49,626,920
2021-04-28,0-19,641,1042
2021-04-28,20-29,1277,2163
2021-04-28,80-89,57,155
2021-04-28,90+,21,78
2021-04-28,60-69,241,400
2021-04-28,40-49,612,912
2021-04-28,30-39,940,1520
2021-04-28,50-59,382,609
2021-04-28,70-79,139,216
2021-04-29,70-79,140,243
2021-04-29,90+,16,69
2021-04-29,30-39,948,1635
2021-04-29,40-49,688,994
2021-04-29,20-29,1067,2051
2021-04-29,0-19,560,925
2021-04-29,80-89,79,152
2021-04-29,50-59,415,626
2021-04-29,60-69,278,389
2021-04-30,80-89,21,64
2021-04-30,60-69,101,122
2021-04-30,90+,<15,<15
2021-04-30,40-49,317,432
2021-04-30,50-59,178,256
2021-04-30,30-39,432,803
2021-04-30,70-79,25,71
2021-04-30,0-19,241,391
2021-04-30,20-29,412,852
2021-05-01,70-79,<15,<15
2021-05-01,30-39,89,197
2021-05-01,40-49,57,110
2021-05-01,60-69,<15,33
2021-05-01,80-89,<15,<15
2021-05-01,0-19,46,110
2021-05-01,20-29,148,309
2021-05-01,50-59,22,44
2021-05-02,50-59,293,413
2021-05-02,40-49,414,780
2021-05-02,70-79,107,173
2021-05-02,30-39,703,1386
2021-05-02,90+,<15,31
2021-05-02,20-29,903,1827
2021-05-02,0-19,511,927
2021-05-02,80-89,49,94
2021-05-02,60-69,163,322
2021-05-03,80-89,51,112
2021-05-03,40-49,497,784
2021-05-03,70-79,95,194
2021-05-03,60-69,204,329
2021-05-03,90+,15,49
2021-05-03,30-39,780,1344
2021-05-03,50-59,307,443
2021-05-03,20-29,927,1589
2021-05-03,0-19,524,787
2021-05-04,70-79,132,170
2021-05-04,60-69,205,238
2021-05-04,40-49,478,667
2021-05-04,30-39,752,1038
2021-05-04,90+,18,55
2021-05-04,80-89,65,129
2021-05-04,20-29,970,1250
2021-05-04,0-19,436,604
2021-05-04,50-59,326,377
2021-05-05,50-59,257,349
2021-05-05,60-69,166,183
2021-05-05,40-49,483,518
2021-05-05,20-29,791,1092
2021-05-05,90+,15,36
2021-05-05,30-39,760,902
2021-05-05,70-79,83,136
2021-05-05,80-89,59,106
2021-05-05,0-19,495,543
2021-05-06,50-59,367,240
2021-05-06,20-29,896,910
2021-05-06,80-89,42,53
2021-05-06,60-69,175,147
2021-05-06,90+,<15,<15
2021-05-06,70-79,94,78
2021-05-06,30-39,812,622
2021-05-06,40-49,486,382
2021-05-06,0-19,552,478
2021-05-07,60-69,103,109
2021-05-07,40-49,281,349
2021-05-07,70-79,40,41
2021-05-07,30-39,429,534
2021-05-07,50-59,174,204
2021-05-07,0-19,206,302
2021-05-07,20-29,415,691
2021-05-07,80-89,<15,38
2021-05-07,90+,<15,<15
2021-05-08,0-19,25,46
2021-05-08,80-89,<15,0
2021-05-08,50-59,<15,32
2021-05-08,90+,0,<15
2021-05-08,40-49,23,51
2021-05-08,60-69,<15,<15
2021-05-08,70-79,<15,<15
2021-05-08,30-39,42,95
2021-05-08,20-29,62,174
2021-05-09,80-89,38,86
2021-05-09,20-29,745,1399
2021-05-09,0-19,435,687
2021-05-09,50-59,275,359
2021-05-09,40-49,406,570
2021-05-09,30-39,626,1034
2021-05-09,70-79,96,154
2021-05-09,60-69,133,290
2021-05-09,90+,<15,46
2021-05-10,20-29,704,1292
2021-05-10,0-19,398,694
2021-05-10,30-39,641,1010
2021-05-10,50-59,283,368
2021-05-10,90+,18,51
2021-05-10,80-89,39,102
2021-05-10,60-69,148,252
2021-05-10,70-79,99,157
2021-05-10,40-49,435,594
2021-05-11,20-29,679,1071
2021-05-11,0-19,386,479
2021-05-11,80-89,51,67
2021-05-11,50-59,220,333
2021-05-11,70-79,68,125
2021-05-11,90+,<15,17
2021-05-11,30-39,552,843
2021-05-11,60-69,118,175
2021-05-11,40-49,326,529
2021-05-12,20-29,461,817
2021-05-12,60-69,127,179
2021-05-12,90+,21,29
2021-05-12,30-39,475,700
2021-05-12,70-79,52,93
2021-05-12,40-49,281,449
2021-05-12,80-89,26,70
2021-05-12,0-19,198,498
2021-05-12,50-59,174,260
2021-05-13,90+,<15,<15
2021-05-13,0-19,297,651
2021-05-13,40-49,266,493
2021-05-13,30-39,389,748
2021-05-13,70-79,52,128
2021-05-13,60-69,112,189
2021-05-13,80-89,24,72
2021-05-13,20-29,517,905
2021-05-13,50-59,151,276
2021-05-14,90+,<15,<15
2021-05-14,30-39,172,335
2021-05-14,0-19,134,226
2021-05-14,80-89,<15,20
2021-05-14,20-29,202,332
2021-05-14,40-49,105,199
2021-05-14,70-79,26,35
2021-05-14,60-69,34,58
2021-05-14,50-59,83,123
2021-05-15,40-49,24,23
2021-05-15,70-79,<15,<15
2021-05-15,30-39,29,29
2021-05-15,20-29,47,50
2021-05-15,60-69,<15,<15
2021-05-15,50-59,<15,42
2021-05-15,0-19,<15,<15
2021-05-15,80-89,<15,<15
2021-05-16,70-79,<15,27
2021-05-16,30-39,87,267
2021-05-16,40-49,57,150
2021-05-16,90+,0,<15
2021-05-16,60-69,25,53
2021-05-16,80-89,<15,17
2021-05-16,0-19,61,165
2021-05-16,50-59,43,90
2021-05-16,20-29,130,362
2021-05-17,70-79,<15,23
2021-05-17,40-49,33,107
2021-05-17,60-69,<15,69
2021-05-17,30-39,37,136
2021-05-17,50-59,24,112
2021-05-17,20-29,56,232
2021-05-17,0-19,19,74
2021-05-17,80-89,0,<15
2021-05-18,50-59,191,452
2021-05-18,60-69,112,320
2021-05-18,70-79,64,214
2021-05-18,90+,<15,40
2021-05-18,30-39,399,1149
2021-05-18,40-49,256,665
2021-05-18,20-29,442,1224
2021-05-18,80-89,29,95
2021-05-18,0-19,309,639
2021-05-19,30-39,424,1066
2021-05-19,70-79,63,140
2021-05-19,50-59,171,454
2021-05-19,20-29,608,1444
2021-05-19,0-19,301,681
2021-05-19,90+,26,30
2021-05-19,60-69,127,327
2021-05-19,40-49,267,643
2021-05-19,80-89,43,90
2021-05-20,50-59,190,346
2021-05-20,20-29,583,1003
2021-05-20,0-19,359,546
2021-05-20,40-49,280,514
2021-05-20,70-79,67,133
2021-05-20,60-69,118,211
2021-05-20,30-39,465,854
2021-05-20,80-89,21,81
2021-05-20,90+,<15,27
2021-05-21,60-69,51,67
2021-05-21,0-19,161,210
2021-05-21,80-89,<15,20
2021-05-21,20-29,287,319
2021-05-21,50-59,93,95
2021-05-21,70-79,<15,24
2021-05-21,90+,0,<15
2021-05-21,40-49,138,170
2021-05-21,30-39,259,317
2021-05-22,20-29,51,109
2021-05-22,0-19,19,34
2021-05-22,50-59,16,27
2021-05-22,70-79,<15,<15
2021-05-22,60-69,<15,<15
2021-05-22,80-89,<15,<15
2021-05-22,30-39,28,90
2021-05-22,40-49,16,55
2021-05-22,90+,0,<15
2021-05-23,20-29,612,880
2021-05-23,0-19,359,502
2021-05-23,50-59,236,257
2021-05-23,90+,<15,<15
2021-05-23,80-89,24,46
2021-05-23,70-79,52,102
2021-05-23,30-39,516,758
2021-05-23,40-49,285,420
2021-05-23,60-69,107,148
2021-05-24,70-79,53,110
2021-05-24,90+,<15,16
2021-05-24,30-39,455,920
2021-05-24,20-29,514,878
2021-05-24,0-19,328,493
2021-05-24,80-89,26,63
2021-05-24,50-59,224,302
2021-05-24,60-69,114,174
2021-05-24,40-49,250,505
2021-05-25,20-29,399,612
2021-05-25,80-89,29,68
2021-05-25,0-19,230,349
2021-05-25,90+,<15,24
2021-05-25,30-39,376,534
2021-05-25,70-79,61,96
2021-05-25,60-69,131,169
2021-05-25,40-49,261,352
2021-05-25,50-59,151,233
2021-05-26,90+,<15,<15
2021-05-26,80-89,24,51
2021-05-26,60-69,73,130
2021-05-26,20-29,336,603
2021-05-26,0-19,202,354
2021-05-26,70-79,52,88
2021-05-26,30-39,244,576
2021-05-26,40-49,172,323
2021-05-26,50-59,106,189
2021-05-27,90+,<15,23
2021-05-27,30-39,366,604
2021-05-27,20-29,474,881
2021-05-27,70-79,48,89
2021-05-27,80-89,21,63
2021-05-27,60-69,73,144
2021-05-27,40-49,229,351
2021-05-27,50-59,155,220
2021-05-27,0-19,262,568
2021-05-28,50-59,76,156
2021-05-28,60-69,32,84
2021-05-28,70-79,<15,36
2021-05-28,90+,<15,<15
2021-05-28,40-49,92,216
2021-05-28,30-39,137,335
2021-05-28,20-29,168,248
2021-05-28,80-89,<15,<15
2021-05-28,0-19,92,148
2021-05-29,30-39,23,33
2021-05-29,80-89,<15,<15
2021-05-29,90+,0,<15
2021-05-29,60-69,<15,<15
2021-05-29,50-59,<15,<15
2021-05-29,40-49,24,20
2021-05-29,20-29,26,64
2021-05-29,0-19,<15,25
2021-05-30,60-69,93,102
2021-05-30,40-49,226,272
2021-05-30,20-29,402,471
2021-05-30,70-79,57,78
2021-05-30,30-39,360,439
2021-05-30,90+,<15,<15
2021-05-30,50-59,157,156
2021-05-30,80-89,24,35
2021-05-30,0-19,226,282
2021-05-31,50-59,118,177
2021-05-31,0-19,178,307
2021-05-31,40-49,192,263
2021-05-31,90+,<15,<15
2021-05-31,30-39,416,485
2021-05-31,60-69,85,117
2021-05-31,70-79,42,60
2021-05-31,20-29,476,510
2021-05-31,80-89,<15,18
2021-06-01,20-29,344,452
2021-06-01,50-59,133,137
2021-06-01,70-79,36,51
2021-06-01,30-39,221,392
2021-06-01,40-49,168,211
2021-06-01,60-69,56,94
2021-06-01,90+,<15,<15
2021-06-01,80-89,26,38
2021-06-01,0-19,187,278
2021-06-02,60-69,69,77
2021-06-02,70-79,37,44
2021-06-02,40-49,174,188
2021-06-02,50-59,103,121
2021-06-02,0-19,196,232
2021-06-02,80-89,15,26
2021-06-02,20-29,439,406
2021-06-02,30-39,256,326
2021-06-02,90+,<15,<15
2021-06-03,0-19,489,209
2021-06-03,80-89,<15,30
2021-06-03,60-69,66,86
2021-06-03,50-59,109,118
2021-06-03,30-39,243,295
2021-06-03,40-49,157,174
2021-06-03,90+,<15,<15
2021-06-03,70-79,38,35
2021-06-03,20-29,386,337
2021-06-04,20-29,95,116
2021-06-04,50-59,61,61
2021-06-04,0-19,515,77
2021-06-04,80-89,<15,<15
2021-06-04,70-79,<15,18
2021-06-04,60-69,18,28
2021-06-04,90+,0,<15
2021-06-04,30-39,121,147
2021-06-04,40-49,101,90
2021-06-05,0-19,22,<15
2021-06-05,20-29,32,19
2021-06-05,50-59,<15,<15
2021-06-05,70-79,0,<15
2021-06-05,40-49,<15,<15
2021-06-05,60-69,<15,<15
2021-06-05,30-39,30,19
2021-06-06,80-89,<15,<15
2021-06-06,0-19,3260,201
2021-06-06,20-29,300,226
2021-06-06,70-79,41,30
2021-06-06,90+,<15,<15
2021-06-06,30-39,253,187
2021-06-06,40-49,131,93
2021-06-06,60-69,60,44
2021-06-06,50-59,118,71
2021-06-07,80-89,27,23
2021-06-07,40-49,185,94
2021-06-07,90+,<15,<15
2021-06-07,60-69,67,36
2021-06-07,0-19,3026,84
2021-06-07,20-29,442,181
2021-06-07,50-59,108,66
2021-06-07,70-79,37,28
2021-06-07,30-39,320,148
2021-06-08,80-89,<15,<15
2021-06-08,90+,<15,<15
2021-06-08,60-69,66,67
2021-06-08,70-79,21,28
2021-06-08,40-49,126,142
2021-06-08,30-39,250,241
2021-06-08,0-19,2727,161
2021-06-08,20-29,251,257
2021-06-08,50-59,95,104
2021-06-09,50-59,97,85
2021-06-09,40-49,157,123
2021-06-09,30-39,235,240
2021-06-09,70-79,47,48
2021-06-09,90+,<15,<15
2021-06-09,20-29,315,319
2021-06-09,0-19,2520,206
2021-06-09,80-89,16,28
2021-06-09,60-69,63,69
2021-06-10,80-89,15,18
2021-06-10,70-79,26,36
2021-06-10,40-49,158,144
2021-06-10,60-69,62,60
2021-06-10,90+,<15,<15
2021-06-10,50-59,97,92
2021-06-10,30-39,246,251
2021-06-10,20-29,341,305
2021-06-10,0-19,2237,210
2021-06-11,70-79,<15,<15
2021-06-11,30-39,86,99
2021-06-11,40-49,63,64
2021-06-11,60-69,<15,<15
2021-06-11,90+,<15,<15
2021-06-11,80-89,<15,<15
2021-06-11,0-19,941,74
2021-06-11,20-29,94,109
2021-06-11,50-59,38,32
2021-06-12,50-59,<15,<15
2021-06-12,60-69,<15,<15
2021-06-12,40-49,<15,<15
2021-06-12,0-19,57,16
2021-06-12,20-29,33,33
2021-06-12,30-39,26,18
2021-06-12,70-79,<15,<15
2021-06-13,50-59,102,112
2021-06-13,20-29,289,311
2021-06-13,40-49,167,147
2021-06-13,70-79,34,35
2021-06-13,80-89,<15,<15
2021-06-13,90+,<15,<15
2021-06-13,60-69,64,53
2021-06-13,30-39,246,275
2021-06-13,0-19,2119,221
2021-06-14,70-79,28,25
2021-06-14,40-49,183,175
2021-06-14,30-39,273,288
2021-06-14,0-19,1880,271
2021-06-14,20-29,328,353
2021-06-14,50-59,103,120
2021-06-14,80-89,<15,18
2021-06-14,60-69,70,92
2021-06-14,90+,<15,<15
2021-06-15,0-19,1943,191
2021-06-15,80-89,15,23
2021-06-15,90+,<15,<15
2021-06-15,50-59,117,95
2021-06-15,60-69,78,72
2021-06-15,40-49,170,141
2021-06-15,20-29,332,301
2021-06-15,70-79,29,47
2021-06-15,30-39,257,304
2021-06-16,20-29,275,171
2021-06-16,80-89,<15,29
2021-06-16,0-19,1685,150
2021-06-16,50-59,110,61
2021-06-16,40-49,159,128
2021-06-16,70-79,28,46
2021-06-16,90+,<15,15
2021-06-16,30-39,233,176
2021-06-16,60-69,55,53
2021-06-17,20-29,352,255
2021-06-17,0-19,1521,174
2021-06-17,30-39,275,250
2021-06-17,50-59,93,88
2021-06-17,60-69,65,48
2021-06-17,70-79,25,37
2021-06-17,40-49,195,138
2021-06-17,90+,<15,<15
2021-06-17,80-89,16,<15
2021-06-18,50-59,39,34
2021-06-18,0-19,712,45
2021-06-18,20-29,113,78
2021-06-18,80-89,<15,<15
2021-06-18,90+,<15,0
2021-06-18,30-39,122,99
2021-06-18,70-79,<15,<15
2021-06-18,40-49,60,48
2021-06-18,60-69,23,17
2021-06-19,20-29,36,23
2021-06-19,70-79,<15,<15
2021-06-19,30-39,19,15
2021-06-19,40-49,<15,18
2021-06-19,80-89,<15,0
2021-06-19,0-19,58,<15
2021-06-19,60-69,<15,<15
2021-06-19,50-59,<15,<15
2021-06-20,0-19,2141,182
2021-06-20,90+,<15,<15
2021-06-20,30-39,291,293
2021-06-20,70-79,34,42
2021-06-20,60-69,61,78
2021-06-20,40-49,191,196
2021-06-20,80-89,16,18
2021-06-20,20-29,352,266
2021-06-20,50-59,134,133
2021-06-21,90+,<15,<15
2021-06-21,20-29,599,254
2021-06-21,0-19,3508,244
2021-06-21,50-59,147,70
2021-06-21,80-89,<15,<15
2021-06-21,60-69,74,60
2021-06-21,70-79,35,52
2021-06-21,30-39,435,235
2021-06-21,40-49,224,125
2021-06-22,20-29,476,219
2021-06-22,30-39,369,213
2021-06-22,90+,<15,<15
2021-06-22,40-49,232,146
2021-06-22,70-79,47,30
2021-06-22,60-69,99,46
2021-06-22,50-59,168,95
2021-06-22,0-19,5327,142
2021-06-22,80-89,26,<15
2021-06-23,70-79,50,39
2021-06-23,30-39,470,222
2021-06-23,60-69,124,66
2021-06-23,40-49,321,142
2021-06-23,90+,<15,<15
2021-06-23,80-89,36,21
2021-06-23,20-29,549,316
2021-06-23,0-19,8784,189
2021-06-23,50-59,201,101
2021-06-24,90+,<15,<15
2021-06-24,40-49,356,148
2021-06-24,50-59,268,101
2021-06-24,70-79,79,44
2021-06-24,60-69,117,69
2021-06-24,30-39,493,228
2021-06-24,20-29,619,290
2021-06-24,0-19,9871,402
2021-06-24,80-89,35,16
2021-06-25,50-59,136,45
2021-06-25,60-69,51,21
2021-06-25,70-79,18,<15
2021-06-25,30-39,275,106
2021-06-25,40-49,218,82
2021-06-25,20-29,242,71
2021-06-25,0-19,5965,429
2021-06-25,80-89,<15,<15
2021-06-26,30-39,51,28
2021-06-26,50-59,34,<15
2021-06-26,70-79,<15,0
2021-06-26,0-19,1949,26
2021-06-26,20-29,75,28
2021-06-26,80-89,<15,<15
2021-06-26,60-69,<15,<15
2021-06-26,40-49,61,15
2021-06-27,0-19,10988,2315
2021-06-27,20-29,804,283
2021-06-27,50-59,283,134
2021-06-27,40-49,427,167
2021-06-27,70-79,65,50
2021-06-27,60-69,164,65
2021-06-27,30-39,731,258
2021-06-27,80-89,35,18
2021-06-27,90+,<15,<15
2021-06-28,60-69,174,69
2021-06-28,0-19,11735,2523
2021-06-28,80-89,39,23
2021-06-28,20-29,871,303
2021-06-28,70-79,69,46
2021-06-28,90+,<15,<15
2021-06-28,40-49,479,158
2021-06-28,50-59,320,102
2021-06-28,30-39,627,242
2021-06-29,0-19,13520,2567
2021-06-29,50-59,376,124
2021-06-29,20-29,951,236
2021-06-29,90+,<15,<15
2021-06-29,80-89,50,23
2021-06-29,30-39,752,265
2021-06-29,60-69,200,79
2021-06-29,70-79,100,50
2021-06-29,40-49,541,171
2021-06-30,20-29,882,246
2021-06-30,0-19,13304,2279
2021-06-30,50-59,349,130
2021-06-30,90+,<15,<15
2021-06-30,80-89,63,25
2021-06-30,40-49,564,159
2021-06-30,70-79,107,40
2021-06-30,30-39,783,223
2021-06-30,60-69,207,76
2021-07-01,80-89,50,19
2021-07-01,20-29,966,297
2021-07-01,70-79,91,44
2021-07-01,30-39,786,234
2021-07-01,0-19,13546,2213
2021-07-01,60-69,222,101
2021-07-01,90+,16,<15
2021-07-01,50-59,390,122
2021-07-01,40-49,602,156
2021-07-02,80-89,17,<15
2021-07-02,20-29,493,106
2021-07-02,0-19,8001,1007
2021-07-02,60-69,94,28
2021-07-02,30-39,468,97
2021-07-02,70-79,41,16
2021-07-02,40-49,329,72
2021-07-02,90+,<15,<15
2021-07-02,50-59,207,63
2021-07-03,60-69,30,<15
2021-07-03,80-89,<15,0
2021-07-03,20-29,176,54
2021-07-03,0-19,2052,103
2021-07-03,70-79,17,<15
2021-07-03,30-39,134,27
2021-07-03,40-49,116,28
2021-07-03,50-59,60,<15
2021-07-04,30-39,813,238
2021-07-04,70-79,125,57
2021-07-04,20-29,1002,244
2021-07-04,60-69,234,100
2021-07-04,40-49,633,183
2021-07-04,50-59,427,118
2021-07-04,90+,<15,<15
2021-07-04,0-19,14314,2101
2021-07-04,80-89,62,23
2021-07-05,50-59,462,126
2021-07-05,90+,<15,<15
2021-07-05,70-79,131,44
2021-07-05,60-69,236,92
2021-07-05,40-49,694,198
2021-07-05,30-39,863,240
2021-07-05,80-89,45,15
2021-07-05,20-29,1179,277
2021-07-05,0-19,14013,1867
2021-07-06,30-39,921,311
2021-07-06,70-79,143,49
2021-07-06,60-69,293,80
2021-07-06,80-89,58,19
2021-07-06,90+,16,<15
2021-07-06,50-59,415,121
2021-07-06,40-49,674,212
2021-07-06,20-29,1319,355
2021-07-06,0-19,13859,2040
2021-07-07,60-69,232,88
2021-07-07,40-49,666,147
2021-07-07,20-29,1030,231
2021-07-07,70-79,110,45
2021-07-07,30-39,823,248
2021-07-07,90+,24,<15
2021-07-07,50-59,377,105
2021-07-07,80-89,66,24
2021-07-07,0-19,11952,1600
2021-07-08,50-59,408,123
2021-07-08,0-19,12627,1666
2021-07-08,60-69,245,75
2021-07-08,20-29,1223,270
2021-07-08,70-79,143,41
2021-07-08,90+,29,<15
2021-07-08,40-49,673,192
2021-07-08,30-39,951,259
2021-07-08,80-89,81,21
2021-07-09,50-59,288,49
2021-07-09,20-29,731,98
2021-07-09,60-69,124,51
2021-07-09,90+,<15,<15
2021-07-09,40-49,487,95
2021-07-09,30-39,614,124
2021-07-09,70-79,61,18
2021-07-09,80-89,42,20
2021-07-09,0-19,8632,839
2021-07-10,70-79,25,<15
2021-07-10,30-39,270,44
2021-07-10,60-69,69,<15
2021-07-10,40-49,235,47
2021-07-10,50-59,135,22
2021-07-10,80-89,<15,0
2021-07-10,0-19,3783,117
2021-07-10,20-29,354,61
2021-07-11,50-59,101,68
2021-07-11,60-69,49,65
2021-07-11,30-39,234,219
2021-07-11,90+,0,<15
2021-07-11,40-49,171,149
2021-07-11,70-79,20,24
2021-07-11,20-29,298,237
2021-07-11,0-19,505,1968
2021-07-11,80-89,<15,21
2021-07-12,70-79,23,26
2021-07-12,30-39,261,213
2021-07-12,90+,<15,<15
2021-07-12,40-49,213,133
2021-07-12,60-69,70,52
2021-07-12,20-29,447,295
2021-07-12,50-59,128,88
2021-07-12,0-19,1157,2679
2021-07-12,80-89,<15,<15
2021-07-13,50-59,136,101
2021-07-13,30-39,340,224
2021-07-13,40-49,209,149
2021-07-13,60-69,63,51
2021-07-13,70-79,31,27
2021-07-13,90+,<15,<15
2021-07-13,80-89,17,16
2021-07-13,0-19,1501,4296
2021-07-13,20-29,533,360
